trial_id,status,duration_s,cfg_chain_length,cfg_difficulty,cfg_keep_fraction,cfg_strategy,metric_answer_correct,metric_quality_cosine,metric_quality_mse,metric_tokens_kept,metric_tokens_removed,metric_tokens_removed_pct
reasoning_token_waste_t0001,completed,0.0006,50,easy,0.1,keep_first,1.0,0.9621597528457642,0.00029562710551545024,5,45,90.0
reasoning_token_waste_t0002,completed,0.0002,50,easy,0.2,keep_first,1.0,0.9896100759506226,8.117092511383817e-05,10,40,80.0
reasoning_token_waste_t0003,completed,0.0001,50,easy,0.3,keep_first,1.0,0.9999998807907104,0.0,15,35,70.0
reasoning_token_waste_t0004,completed,0.0001,50,easy,0.4,keep_first,1.0,0.995807409286499,3.275501512689516e-05,20,30,60.0
reasoning_token_waste_t0005,completed,0.0001,50,easy,0.5,keep_first,1.0,0.9923602938652039,5.968555706203915e-05,25,25,50.0
reasoning_token_waste_t0006,completed,0.0001,50,easy,0.6,keep_first,1.0,0.9891622066497803,8.467142470180988e-05,30,20,40.0
reasoning_token_waste_t0007,completed,0.0002,50,easy,0.7,keep_first,1.0,0.9870767593383789,0.00010096262849401683,35,15,30.000000000000004
reasoning_token_waste_t0008,completed,0.0001,50,easy,0.8,keep_first,1.0,0.983970046043396,0.00012523469922598451,40,10,19.999999999999996
reasoning_token_waste_t0009,completed,0.0001,50,easy,0.9,keep_first,1.0,0.9829691052436829,0.00013305386528372765,45,5,9.999999999999998
reasoning_token_waste_t0010,completed,0.0001,50,easy,1.0,keep_first,1.0,0.981325626373291,0.00014589339843951166,50,0,0.0
reasoning_token_waste_t0011,completed,0.0001,50,easy,0.1,keep_last,0.0,0.6685193777084351,0.002589692361652851,5,45,90.0
reasoning_token_waste_t0012,completed,0.0001,50,easy,0.2,keep_last,0.0,0.5693514943122864,0.0033644409850239754,10,40,80.0
reasoning_token_waste_t0013,completed,0.0001,50,easy,0.3,keep_last,0.0,0.5567722320556641,0.0034627169370651245,15,35,70.0
reasoning_token_waste_t0014,completed,0.0002,50,easy,0.4,keep_last,0.0,0.7120977640151978,0.002249235985800624,20,30,60.0
reasoning_token_waste_t0015,completed,0.0001,50,easy,0.5,keep_last,0.0,0.6614028215408325,0.002645289758220315,25,25,50.0
reasoning_token_waste_t0016,completed,0.0001,50,easy,0.6,keep_last,0.0,0.6524093151092529,0.0027155522257089615,30,20,40.0
reasoning_token_waste_t0017,completed,0.0001,50,easy,0.7,keep_last,0.0,0.7417480945587158,0.002017592778429389,35,15,30.000000000000004
reasoning_token_waste_t0018,completed,0.0001,50,easy,0.8,keep_last,0.0,0.7454311847686768,0.0019888184033334255,40,10,19.999999999999996
reasoning_token_waste_t0019,completed,0.0001,50,easy,0.9,keep_last,0.0,0.7399151921272278,0.0020319123286753893,45,5,9.999999999999998
reasoning_token_waste_t0020,completed,0.0001,50,easy,1.0,keep_last,1.0,0.981325626373291,0.00014589339843951166,50,0,0.0
reasoning_token_waste_t0021,completed,0.0001,50,easy,0.1,remove_middle,1.0,0.9621597528457642,0.00029562710551545024,5,45,90.0
reasoning_token_waste_t0022,completed,0.0002,50,easy,0.2,remove_middle,1.0,0.9563210010528564,0.0003412427322473377,10,40,80.0
reasoning_token_waste_t0023,completed,0.0001,50,easy,0.3,remove_middle,1.0,0.9537454843521118,0.00036136346170678735,15,35,70.0
reasoning_token_waste_t0024,completed,0.0001,50,easy,0.4,remove_middle,1.0,0.9554198980331421,0.0003482821921352297,20,30,60.0
reasoning_token_waste_t0025,completed,0.0001,50,easy,0.5,remove_middle,1.0,0.952672004699707,0.0003697499632835388,25,25,50.0
reasoning_token_waste_t0026,completed,0.0002,50,easy,0.6,remove_middle,1.0,0.950874924659729,0.00038379026227630675,30,20,40.0
reasoning_token_waste_t0027,completed,0.0001,50,easy,0.7,remove_middle,1.0,0.9524966478347778,0.00037112022982910275,35,15,30.000000000000004
reasoning_token_waste_t0028,completed,0.0001,50,easy,0.8,remove_middle,0.0,0.9498559236526489,0.0003917503636330366,40,10,19.999999999999996
reasoning_token_waste_t0029,completed,0.0001,50,easy,0.9,remove_middle,1.0,0.9594482183456421,0.00031681114342063665,45,5,9.999999999999998
reasoning_token_waste_t0030,completed,0.0001,50,easy,1.0,remove_middle,1.0,0.981325626373291,0.00014589339843951166,50,0,0.0
reasoning_token_waste_t0031,completed,0.0040,50,easy,0.1,importance_sample,1.0,0.9621597528457642,0.00029562710551545024,5,45,90.0
reasoning_token_waste_t0032,completed,0.0002,50,easy,0.2,importance_sample,1.0,0.9756797552108765,0.00019000208703801036,10,40,80.0
reasoning_token_waste_t0033,completed,0.0007,50,easy,0.3,importance_sample,1.0,0.9859877824783325,0.00010947106056846678,15,35,70.0
reasoning_token_waste_t0034,completed,0.0002,50,easy,0.4,importance_sample,1.0,0.9921545386314392,6.129306711954996e-05,20,30,60.0
reasoning_token_waste_t0035,completed,0.0003,50,easy,0.5,importance_sample,1.0,0.9906561970710754,7.299807475646958e-05,25,25,50.0
reasoning_token_waste_t0036,completed,0.0002,50,easy,0.6,importance_sample,1.0,0.9897304177284241,8.023137343116105e-05,30,20,40.0
reasoning_token_waste_t0037,completed,0.0002,50,easy,0.7,importance_sample,1.0,0.9870575070381165,0.00010111248411703855,35,15,30.000000000000004
reasoning_token_waste_t0038,completed,0.0005,50,easy,0.8,importance_sample,1.0,0.986001193523407,0.00010936585022136569,40,10,19.999999999999996
reasoning_token_waste_t0039,completed,0.0002,50,easy,0.9,importance_sample,1.0,0.9840539693832397,0.00012457800039555877,45,5,9.999999999999998
reasoning_token_waste_t0040,completed,0.0003,50,easy,1.0,importance_sample,1.0,0.981325626373291,0.00014589339843951166,50,0,0.0
reasoning_token_waste_t0041,completed,0.0001,100,easy,0.1,keep_first,1.0,0.9795091152191162,0.00016008582315407693,10,90,90.0
reasoning_token_waste_t0042,completed,0.0001,100,easy,0.2,keep_first,1.0,0.9948201179504395,4.046761750942096e-05,20,80,80.0
reasoning_token_waste_t0043,completed,0.0002,100,easy,0.3,keep_first,1.0,1.0000001192092896,0.0,30,70,70.0
reasoning_token_waste_t0044,completed,0.0001,100,easy,0.4,keep_first,1.0,0.9939577579498291,4.7205328883137554e-05,40,60,60.0
reasoning_token_waste_t0045,completed,0.0001,100,easy,0.5,keep_first,1.0,0.9869515299797058,0.00010194141214014962,50,50,50.0
reasoning_token_waste_t0046,completed,0.0001,100,easy,0.6,keep_first,1.0,0.9804691076278687,0.00015258560597430915,60,40,40.0
reasoning_token_waste_t0047,completed,0.0002,100,easy,0.7,keep_first,1.0,0.9779850840568542,0.0001719922584015876,70,30,30.000000000000004
reasoning_token_waste_t0048,completed,0.0001,100,easy,0.8,keep_first,1.0,0.9748163223266602,0.0001967480347957462,80,20,19.999999999999996
reasoning_token_waste_t0049,completed,0.0001,100,easy,0.9,keep_first,1.0,0.9698175191879272,0.00023580114066135138,90,10,9.999999999999998
reasoning_token_waste_t0050,completed,0.0001,100,easy,1.0,keep_first,1.0,0.9710813164710999,0.00022592746245209128,100,0,0.0
reasoning_token_waste_t0051,completed,0.0001,100,easy,0.1,keep_last,0.0,0.6132802367210388,0.003021248383447528,10,90,90.0
reasoning_token_waste_t0052,completed,0.0001,100,easy,0.2,keep_last,0.0,0.4700392186641693,0.004140318371355534,20,80,80.0
reasoning_token_waste_t0053,completed,0.0001,100,easy,0.3,keep_last,0.0,0.4591093063354492,0.004225708544254303,30,70,70.0
reasoning_token_waste_t0054,completed,0.0001,100,easy,0.4,keep_last,0.0,0.6332659125328064,0.0028651102911680937,40,60,60.0
reasoning_token_waste_t0055,completed,0.0002,100,easy,0.5,keep_last,0.0,0.591141939163208,0.0031942042987793684,50,50,50.0
reasoning_token_waste_t0056,completed,0.0001,100,easy,0.6,keep_last,0.0,0.5622867941856384,0.003419634187594056,60,40,40.0
reasoning_token_waste_t0057,completed,0.0002,100,easy,0.7,keep_last,0.0,0.6891915798187256,0.0024281912483274937,70,30,30.000000000000004
reasoning_token_waste_t0058,completed,0.0002,100,easy,0.8,keep_last,0.0,0.6885033845901489,0.002433567540720105,80,20,19.999999999999996
reasoning_token_waste_t0059,completed,0.0001,100,easy,0.9,keep_last,0.0,0.6792806386947632,0.0025056202430278063,90,10,9.999999999999998
reasoning_token_waste_t0060,completed,0.0001,100,easy,1.0,keep_last,1.0,0.9710813164710999,0.00022592746245209128,100,0,0.0
reasoning_token_waste_t0061,completed,0.0001,100,easy,0.1,remove_middle,1.0,0.9795091152191162,0.00016008582315407693,10,90,90.0
reasoning_token_waste_t0062,completed,0.0001,100,easy,0.2,remove_middle,1.0,0.9748995304107666,0.00019609823357313871,20,80,80.0
reasoning_token_waste_t0063,completed,0.0002,100,easy,0.3,remove_middle,1.0,0.968353271484375,0.00024724024115130305,30,70,70.0
reasoning_token_waste_t0064,completed,0.0001,100,easy,0.4,remove_middle,1.0,0.9666011929512024,0.00026092800544574857,40,60,60.0
reasoning_token_waste_t0065,completed,0.0001,100,easy,0.5,remove_middle,1.0,0.9616925120353699,0.00029927739524282515,50,50,50.0
reasoning_token_waste_t0066,completed,0.0001,100,easy,0.6,remove_middle,1.0,0.957820475101471,0.00032952826586551964,60,40,40.0
reasoning_token_waste_t0067,completed,0.0002,100,easy,0.7,remove_middle,1.0,0.9550139904022217,0.0003514528798405081,70,30,30.000000000000004
reasoning_token_waste_t0068,completed,0.0001,100,easy,0.8,remove_middle,1.0,0.9570454359054565,0.00033558328868821263,80,20,19.999999999999996
reasoning_token_waste_t0069,completed,0.0001,100,easy,0.9,remove_middle,1.0,0.9610192775726318,0.00030453733052127063,90,10,9.999999999999998
reasoning_token_waste_t0070,completed,0.0001,100,easy,1.0,remove_middle,1.0,0.9710813164710999,0.00022592746245209128,100,0,0.0
reasoning_token_waste_t0071,completed,0.0002,100,easy,0.1,importance_sample,1.0,0.968462347984314,0.00024638816830702126,10,90,90.0
reasoning_token_waste_t0072,completed,0.0003,100,easy,0.2,importance_sample,1.0,0.9820159673690796,0.00014050034224055707,20,80,80.0
reasoning_token_waste_t0073,completed,0.0002,100,easy,0.3,importance_sample,1.0,0.9845441579818726,0.00012074899859726429,30,70,70.0
reasoning_token_waste_t0074,completed,0.0002,100,easy,0.4,importance_sample,1.0,0.9813645482063293,0.00014559010742232203,40,60,60.0
reasoning_token_waste_t0075,completed,0.0002,100,easy,0.5,importance_sample,1.0,0.9791042804718018,0.00016324903117492795,50,50,50.0
reasoning_token_waste_t0076,completed,0.0002,100,easy,0.6,importance_sample,1.0,0.9762211441993713,0.00018577184528112411,60,40,40.0
reasoning_token_waste_t0077,completed,0.0002,100,easy,0.7,importance_sample,1.0,0.9732959270477295,0.00020862487144768238,70,30,30.000000000000004
reasoning_token_waste_t0078,completed,0.0004,100,easy,0.8,importance_sample,1.0,0.9720268249511719,0.00021854029910173267,80,20,19.999999999999996
reasoning_token_waste_t0079,completed,0.0003,100,easy,0.9,importance_sample,1.0,0.9681133031845093,0.00024911470245569944,90,10,9.999999999999998
reasoning_token_waste_t0080,completed,0.0002,100,easy,1.0,importance_sample,1.0,0.9710813164710999,0.00022592746245209128,100,0,0.0
reasoning_token_waste_t0081,completed,0.0001,200,easy,0.1,keep_first,1.0,0.9894232749938965,8.263149356935173e-05,20,180,90.0
reasoning_token_waste_t0082,completed,0.0001,200,easy,0.2,keep_first,1.0,0.9973757266998291,2.0503202904365025e-05,40,160,80.0
reasoning_token_waste_t0083,completed,0.0001,200,easy,0.3,keep_first,1.0,1.0000001192092896,0.0,60,140,70.0
reasoning_token_waste_t0084,completed,0.0001,200,easy,0.4,keep_first,1.0,0.9872860908508301,9.932798275258392e-05,80,120,60.0
reasoning_token_waste_t0085,completed,0.0001,200,easy,0.5,keep_first,1.0,0.9749208688735962,0.00019593146862462163,100,100,50.0
reasoning_token_waste_t0086,completed,0.0001,200,easy,0.6,keep_first,1.0,0.9618072509765625,0.0002983810845762491,120,80,40.0
reasoning_token_waste_t0087,completed,0.0002,200,easy,0.7,keep_first,1.0,0.9553616046905518,0.00034873784170486033,140,60,30.000000000000004
reasoning_token_waste_t0088,completed,0.0002,200,easy,0.8,keep_first,1.0,0.9516939520835876,0.00037739163963124156,160,40,19.999999999999996
reasoning_token_waste_t0089,completed,0.0001,200,easy,0.9,keep_first,0.0,0.9394886493682861,0.0004727449850179255,180,20,9.999999999999998
reasoning_token_waste_t0090,completed,0.0001,200,easy,1.0,keep_first,0.0,0.9400327205657959,0.0004684951563831419,200,0,0.0
reasoning_token_waste_t0091,completed,0.0001,200,easy,0.1,keep_last,0.0,0.42921239137649536,0.004459278658032417,20,180,90.0
reasoning_token_waste_t0092,completed,0.0001,200,easy,0.2,keep_last,0.0,0.33561432361602783,0.0051905130967497826,40,160,80.0
reasoning_token_waste_t0093,completed,0.0001,200,easy,0.3,keep_last,0.0,0.3376683294773102,0.005174466874450445,60,140,70.0
reasoning_token_waste_t0094,completed,0.0001,200,easy,0.4,keep_last,0.0,0.5273195505142212,0.0036928164772689342,80,120,60.0
reasoning_token_waste_t0095,completed,0.0001,200,easy,0.5,keep_last,0.0,0.46430790424346924,0.004185095429420471,100,100,50.0
reasoning_token_waste_t0096,completed,0.0001,200,easy,0.6,keep_last,0.0,0.4331899881362915,0.004428203217685223,120,80,40.0
reasoning_token_waste_t0097,completed,0.0002,200,easy,0.7,keep_last,0.0,0.5565594434738159,0.003464380046352744,140,60,30.000000000000004
reasoning_token_waste_t0098,completed,0.0002,200,easy,0.8,keep_last,0.0,0.5548715591430664,0.003477566409856081,160,40,19.999999999999996
reasoning_token_waste_t0099,completed,0.0002,200,easy,0.9,keep_last,0.0,0.5744972229003906,0.0033242409117519855,180,20,9.999999999999998
reasoning_token_waste_t0100,completed,0.0001,200,easy,1.0,keep_last,0.0,0.9400327205657959,0.0004684951563831419,200,0,0.0
reasoning_token_waste_t0101,completed,0.0001,200,easy,0.1,remove_middle,1.0,0.9894232749938965,8.263149356935173e-05,20,180,90.0
reasoning_token_waste_t0102,completed,0.0001,200,easy,0.2,remove_middle,1.0,0.9736765027046204,0.0002056536905001849,40,160,80.0
reasoning_token_waste_t0103,completed,0.0001,200,easy,0.3,remove_middle,1.0,0.9574465751647949,0.000332449097186327,60,140,70.0
reasoning_token_waste_t0104,completed,0.0001,200,easy,0.4,remove_middle,1.0,0.9559723734855652,0.0003439667052589357,80,120,60.0
reasoning_token_waste_t0105,completed,0.0001,200,easy,0.5,remove_middle,1.0,0.9523652791976929,0.00037214712938293815,100,100,50.0
reasoning_token_waste_t0106,completed,0.0002,200,easy,0.6,remove_middle,0.0,0.9386959671974182,0.0004789392405655235,120,80,40.0
reasoning_token_waste_t0107,completed,0.0002,200,easy,0.7,remove_middle,0.0,0.9319135546684265,0.0005319264018908143,140,60,30.000000000000004
reasoning_token_waste_t0108,completed,0.0002,200,easy,0.8,remove_middle,0.0,0.9302014708518982,0.0005453011835925281,160,40,19.999999999999996
reasoning_token_waste_t0109,completed,0.0004,200,easy,0.9,remove_middle,0.0,0.9309320449829102,0.0005395932821556926,180,20,9.999999999999998
reasoning_token_waste_t0110,completed,0.0002,200,easy,1.0,remove_middle,0.0,0.9400327205657959,0.0004684951563831419,200,0,0.0
reasoning_token_waste_t0111,completed,0.0002,200,easy,0.1,importance_sample,1.0,0.9741081595420837,0.00020228020730428398,20,180,90.0
reasoning_token_waste_t0112,completed,0.0002,200,easy,0.2,importance_sample,1.0,0.9714813828468323,0.0002228025405202061,40,160,80.0
reasoning_token_waste_t0113,completed,0.0002,200,easy,0.3,importance_sample,1.0,0.96454918384552,0.00027696011238731444,60,140,70.0
reasoning_token_waste_t0114,completed,0.0002,200,easy,0.4,importance_sample,1.0,0.9601755142211914,0.0003111296973656863,80,120,60.0
reasoning_token_waste_t0115,completed,0.0002,200,easy,0.5,importance_sample,1.0,0.9528215527534485,0.00036858164821751416,100,100,50.0
reasoning_token_waste_t0116,completed,0.0003,200,easy,0.6,importance_sample,0.0,0.9450695514678955,0.0004291435470804572,120,80,40.0
reasoning_token_waste_t0117,completed,0.0003,200,easy,0.7,importance_sample,0.0,0.9327272176742554,0.0005255687865428627,140,60,30.000000000000004
reasoning_token_waste_t0118,completed,0.0002,200,easy,0.8,importance_sample,0.0,0.9298757314682007,0.000547846604604274,160,40,19.999999999999996
reasoning_token_waste_t0119,completed,0.0002,200,easy,0.9,importance_sample,0.0,0.9396505951881409,0.00047147972509264946,180,20,9.999999999999998
reasoning_token_waste_t0120,completed,0.0002,200,easy,1.0,importance_sample,0.0,0.9400327205657959,0.0004684951563831419,200,0,0.0
reasoning_token_waste_t0121,completed,0.0001,500,easy,0.1,keep_first,1.0,0.9952153563499451,3.7380403227871284e-05,50,450,90.0
reasoning_token_waste_t0122,completed,0.0001,500,easy,0.2,keep_first,1.0,0.9988637566566467,8.877623258740641e-06,100,400,80.0
reasoning_token_waste_t0123,completed,0.0001,500,easy,0.3,keep_first,1.0,1.0000001192092896,0.0,150,350,70.0
reasoning_token_waste_t0124,completed,0.0001,500,easy,0.4,keep_first,1.0,0.9689838886260986,0.00024231398128904402,200,300,60.0
reasoning_token_waste_t0125,completed,0.0001,500,easy,0.5,keep_first,0.0,0.9420808553695679,0.00045249430695548654,250,250,50.0
reasoning_token_waste_t0126,completed,0.0002,500,easy,0.6,keep_first,0.0,0.925652027130127,0.0005808441783301532,300,200,40.0
reasoning_token_waste_t0127,completed,0.0002,500,easy,0.7,keep_first,0.0,0.9050003290176392,0.0007421852787956595,350,150,30.000000000000004
reasoning_token_waste_t0128,completed,0.0001,500,easy,0.8,keep_first,0.0,0.8938596248626709,0.0008292222046293318,400,100,19.999999999999996
reasoning_token_waste_t0129,completed,0.0001,500,easy,0.9,keep_first,0.0,0.8774253129959106,0.0009576157899573445,450,50,9.999999999999998
reasoning_token_waste_t0130,completed,0.0002,500,easy,1.0,keep_first,0.0,0.8705005645751953,0.0010117151541635394,500,0,0.0
reasoning_token_waste_t0131,completed,0.0001,500,easy,0.1,keep_last,0.0,0.30891647934913635,0.005399090237915516,50,450,90.0
reasoning_token_waste_t0132,completed,0.0001,500,easy,0.2,keep_last,0.0,0.24454252421855927,0.005902011878788471,100,400,80.0
reasoning_token_waste_t0133,completed,0.0001,500,easy,0.3,keep_last,0.0,0.2357446700334549,0.0059707448817789555,150,350,70.0
reasoning_token_waste_t0134,completed,0.0002,500,easy,0.4,keep_last,0.0,0.38103657960891724,0.004835652653127909,200,300,60.0
reasoning_token_waste_t0135,completed,0.0001,500,easy,0.5,keep_last,0.0,0.366340309381485,0.0049504670314490795,250,250,50.0
reasoning_token_waste_t0136,completed,0.0003,500,easy,0.6,keep_last,0.0,0.35857436060905457,0.0050111375749111176,300,200,40.0
reasoning_token_waste_t0137,completed,0.0002,500,easy,0.7,keep_last,0.0,0.43116867542266846,0.004443995654582977,350,150,30.000000000000004
reasoning_token_waste_t0138,completed,0.0002,500,easy,0.8,keep_last,0.0,0.4350259304046631,0.004413860384374857,400,100,19.999999999999996
reasoning_token_waste_t0139,completed,0.0002,500,easy,0.9,keep_last,0.0,0.44570183753967285,0.0043304553255438805,450,50,9.999999999999998
reasoning_token_waste_t0140,completed,0.0002,500,easy,1.0,keep_last,0.0,0.8705005645751953,0.0010117151541635394,500,0,0.0
reasoning_token_waste_t0141,completed,0.0002,500,easy,0.1,remove_middle,1.0,0.9952153563499451,3.7380403227871284e-05,50,450,90.0
reasoning_token_waste_t0142,completed,0.0001,500,easy,0.2,remove_middle,1.0,0.9631555676460266,0.0002878475934267044,100,400,80.0
reasoning_token_waste_t0143,completed,0.0002,500,easy,0.3,remove_middle,0.0,0.9322706460952759,0.0005291369743645191,150,350,70.0
reasoning_token_waste_t0144,completed,0.0002,500,easy,0.4,remove_middle,0.0,0.902660071849823,0.0007604688289575279,200,300,60.0
reasoning_token_waste_t0145,completed,0.0002,500,easy,0.5,remove_middle,0.0,0.8952842950820923,0.0008180927252396941,250,250,50.0
reasoning_token_waste_t0146,completed,0.0002,500,easy,0.6,remove_middle,0.0,0.8815909028053284,0.0009250713046640158,300,200,40.0
reasoning_token_waste_t0147,completed,0.0002,500,easy,0.7,remove_middle,0.0,0.8653273582458496,0.0010521304793655872,350,150,30.000000000000004
reasoning_token_waste_t0148,completed,0.0002,500,easy,0.8,remove_middle,0.0,0.8648219108581543,0.0010560795199126005,400,100,19.999999999999996
reasoning_token_waste_t0149,completed,0.0002,500,easy,0.9,remove_middle,0.0,0.8659391403198242,0.001047351281158626,450,50,9.999999999999998
reasoning_token_waste_t0150,completed,0.0002,500,easy,1.0,remove_middle,0.0,0.8705005645751953,0.0010117151541635394,500,0,0.0
reasoning_token_waste_t0151,completed,0.0002,500,easy,0.1,importance_sample,1.0,0.9673250913619995,0.0002552733931224793,50,450,90.0
reasoning_token_waste_t0152,completed,0.0002,500,easy,0.2,importance_sample,0.0,0.9487516283988953,0.00040037912549450994,100,400,80.0
reasoning_token_waste_t0153,completed,0.0002,500,easy,0.3,importance_sample,0.0,0.9303345680236816,0.000544261303730309,150,350,70.0
reasoning_token_waste_t0154,completed,0.0002,500,easy,0.4,importance_sample,0.0,0.9039455652236938,0.0007504259701818228,200,300,60.0
reasoning_token_waste_t0155,completed,0.0002,500,easy,0.5,importance_sample,0.0,0.8958883881568909,0.0008133724913932383,250,250,50.0
reasoning_token_waste_t0156,completed,0.0002,500,easy,0.6,importance_sample,0.0,0.8736787438392639,0.0009868855122476816,300,200,40.0
reasoning_token_waste_t0157,completed,0.0003,500,easy,0.7,importance_sample,0.0,0.8679426908493042,0.0010316987754777074,350,150,30.000000000000004
reasoning_token_waste_t0158,completed,0.0002,500,easy,0.8,importance_sample,0.0,0.8648219108581543,0.0010560795199126005,400,100,19.999999999999996
reasoning_token_waste_t0159,completed,0.0004,500,easy,0.9,importance_sample,0.0,0.8695093393325806,0.001019459217786789,450,50,9.999999999999998
reasoning_token_waste_t0160,completed,0.0003,500,easy,1.0,importance_sample,0.0,0.8705005645751953,0.0010117151541635394,500,0,0.0
reasoning_token_waste_t0161,completed,0.0001,50,medium,0.1,keep_first,1.0,0.952491819858551,0.00037115876330062747,5,45,90.0
reasoning_token_waste_t0162,completed,0.0001,50,medium,0.2,keep_first,1.0,0.9795091152191162,0.00016008582315407693,10,40,80.0
reasoning_token_waste_t0163,completed,0.0001,50,medium,0.3,keep_first,1.0,0.9886109232902527,8.897726365830749e-05,15,35,70.0
reasoning_token_waste_t0164,completed,0.0001,50,medium,0.4,keep_first,1.0,0.9948201179504395,4.046761750942096e-05,20,30,60.0
reasoning_token_waste_t0165,completed,0.0001,50,medium,0.5,keep_first,1.0,0.9980165958404541,1.5495726984227076e-05,25,25,50.0
reasoning_token_waste_t0166,completed,0.0001,50,medium,0.6,keep_first,1.0,1.0000001192092896,0.0,30,20,40.0
reasoning_token_waste_t0167,completed,0.0001,50,medium,0.7,keep_first,1.0,0.9965638518333435,2.6845831598620862e-05,35,15,30.000000000000004
reasoning_token_waste_t0168,completed,0.0001,50,medium,0.8,keep_first,1.0,0.9939577579498291,4.7205328883137554e-05,40,10,19.999999999999996
reasoning_token_waste_t0169,completed,0.0001,50,medium,0.9,keep_first,1.0,0.9912275671958923,6.853458762634546e-05,45,5,9.999999999999998
reasoning_token_waste_t0170,completed,0.0001,50,medium,1.0,keep_first,1.0,0.9869515299797058,0.00010194141214014962,50,0,0.0
reasoning_token_waste_t0171,completed,0.0001,50,medium,0.1,keep_last,0.0,-0.051186833530664444,0.008212396875023842,5,45,90.0
reasoning_token_waste_t0172,completed,0.0001,50,medium,0.2,keep_last,0.0,-0.015332894399762154,0.007932288572192192,10,40,80.0
reasoning_token_waste_t0173,completed,0.0002,50,medium,0.3,keep_last,0.0,0.04651695862412453,0.007449085358530283,15,35,70.0
reasoning_token_waste_t0174,completed,0.0001,50,medium,0.4,keep_last,0.0,0.4658604860305786,0.004172964487224817,20,30,60.0
reasoning_token_waste_t0175,completed,0.0001,50,medium,0.5,keep_last,0.0,0.4394974410533905,0.004378925543278456,25,25,50.0
reasoning_token_waste_t0176,completed,0.0001,50,medium,0.6,keep_last,0.0,0.45845723152160645,0.004230802413076162,30,20,40.0
reasoning_token_waste_t0177,completed,0.0001,50,medium,0.7,keep_last,0.0,0.4163140058517456,0.0045600468292832375,35,15,30.000000000000004
reasoning_token_waste_t0178,completed,0.0001,50,medium,0.8,keep_last,0.0,0.45044511556625366,0.004293397534638643,40,10,19.999999999999996
reasoning_token_waste_t0179,completed,0.0001,50,medium,0.9,keep_last,0.0,0.4937588572502136,0.003955008462071419,45,5,9.999999999999998
reasoning_token_waste_t0180,completed,0.0001,50,medium,1.0,keep_last,1.0,0.9869515299797058,0.00010194141214014962,50,0,0.0
reasoning_token_waste_t0181,completed,0.0001,50,medium,0.1,remove_middle,1.0,0.952491819858551,0.00037115876330062747,5,45,90.0
reasoning_token_waste_t0182,completed,0.0002,50,medium,0.2,remove_middle,0.0,0.9469352960586548,0.000414567650295794,10,40,80.0
reasoning_token_waste_t0183,completed,0.0001,50,medium,0.3,remove_middle,0.0,0.9421969056129456,0.0004515866166912019,15,35,70.0
reasoning_token_waste_t0184,completed,0.0001,50,medium,0.4,remove_middle,0.0,0.9449847340583801,0.00042980717262253165,20,30,60.0
reasoning_token_waste_t0185,completed,0.0001,50,medium,0.5,remove_middle,0.0,0.942696750164032,0.0004476820176932961,25,25,50.0
reasoning_token_waste_t0186,completed,0.0001,50,medium,0.6,remove_middle,0.0,0.9441944360733032,0.000435980356996879,30,20,40.0
reasoning_token_waste_t0187,completed,0.0001,50,medium,0.7,remove_middle,0.0,0.9483206868171692,0.0004037449834868312,35,15,30.000000000000004
reasoning_token_waste_t0188,completed,0.0001,50,medium,0.8,remove_middle,1.0,0.9508719444274902,0.0003838132251985371,40,10,19.999999999999996
reasoning_token_waste_t0189,completed,0.0001,50,medium,0.9,remove_middle,1.0,0.9612577557563782,0.00030267416150309145,45,5,9.999999999999998
reasoning_token_waste_t0190,completed,0.0001,50,medium,1.0,remove_middle,1.0,0.9869515299797058,0.00010194141214014962,50,0,0.0
reasoning_token_waste_t0191,completed,0.0001,50,medium,0.1,importance_sample,1.0,0.952491819858551,0.00037115876330062747,5,45,90.0
reasoning_token_waste_t0192,completed,0.0001,50,medium,0.2,importance_sample,1.0,0.9752718210220337,0.00019319022248964757,10,40,80.0
reasoning_token_waste_t0193,completed,0.0002,50,medium,0.3,importance_sample,1.0,0.9857837557792664,0.0001110649827751331,15,35,70.0
reasoning_token_waste_t0194,completed,0.0001,50,medium,0.4,importance_sample,1.0,0.9901508092880249,7.694707892369479e-05,20,30,60.0
reasoning_token_waste_t0195,completed,0.0001,50,medium,0.5,importance_sample,1.0,0.9893780946731567,8.298401371575892e-05,25,25,50.0
reasoning_token_waste_t0196,completed,0.0001,50,medium,0.6,importance_sample,1.0,0.9885449409484863,8.949274342739955e-05,30,20,40.0
reasoning_token_waste_t0197,completed,0.0001,50,medium,0.7,importance_sample,1.0,0.9860398769378662,0.0001090640653274022,35,15,30.000000000000004
reasoning_token_waste_t0198,completed,0.0002,50,medium,0.8,importance_sample,1.0,0.9839291572570801,0.00012555377907119691,40,10,19.999999999999996
reasoning_token_waste_t0199,completed,0.0001,50,medium,0.9,importance_sample,1.0,0.9852874875068665,0.00011494199861772358,45,5,9.999999999999998
reasoning_token_waste_t0200,completed,0.0003,50,medium,1.0,importance_sample,1.0,0.9869515299797058,0.00010194141214014962,50,0,0.0
reasoning_token_waste_t0201,completed,0.0001,100,medium,0.1,keep_first,1.0,0.9741330742835999,0.00020208598289173096,10,90,90.0
reasoning_token_waste_t0202,completed,0.0001,100,medium,0.2,keep_first,1.0,0.9894232749938965,8.263149356935173e-05,20,80,80.0
reasoning_token_waste_t0203,completed,0.0002,100,medium,0.3,keep_first,1.0,0.9948655962944031,4.011334749520756e-05,30,70,70.0
reasoning_token_waste_t0204,completed,0.0001,100,medium,0.4,keep_first,1.0,0.9973757266998291,2.0503202904365025e-05,40,60,60.0
reasoning_token_waste_t0205,completed,0.0001,100,medium,0.5,keep_first,1.0,0.9989017248153687,8.58066778164357e-06,50,50,50.0
reasoning_token_waste_t0206,completed,0.0001,100,medium,0.6,keep_first,1.0,1.0000001192092896,0.0,60,40,40.0
reasoning_token_waste_t0207,completed,0.0001,100,medium,0.7,keep_first,1.0,0.9924140572547913,5.926579615334049e-05,70,30,30.000000000000004
reasoning_token_waste_t0208,completed,0.0001,100,medium,0.8,keep_first,1.0,0.9872860908508301,9.932798275258392e-05,80,20,19.999999999999996
reasoning_token_waste_t0209,completed,0.0001,100,medium,0.9,keep_first,1.0,0.98000168800354,0.0001562363759148866,90,10,9.999999999999998
reasoning_token_waste_t0210,completed,0.0001,100,medium,1.0,keep_first,1.0,0.9749208688735962,0.00019593146862462163,100,0,0.0
reasoning_token_waste_t0211,completed,0.0001,100,medium,0.1,keep_last,0.0,-0.050097256898880005,0.008203885518014431,10,90,90.0
reasoning_token_waste_t0212,completed,0.0001,100,medium,0.2,keep_last,0.0,-0.02648739144206047,0.008019432425498962,20,80,80.0
reasoning_token_waste_t0213,completed,0.0001,100,medium,0.3,keep_last,0.0,0.052152980118989944,0.007405055686831474,30,70,70.0
reasoning_token_waste_t0214,completed,0.0001,100,medium,0.4,keep_last,0.0,0.3934308886528015,0.004738822113722563,40,60,60.0
reasoning_token_waste_t0215,completed,0.0001,100,medium,0.5,keep_last,0.0,0.3963680863380432,0.004715874791145325,50,50,50.0
reasoning_token_waste_t0216,completed,0.0001,100,medium,0.6,keep_last,0.0,0.4000384509563446,0.004687199369072914,60,40,40.0
reasoning_token_waste_t0217,completed,0.0001,100,medium,0.7,keep_last,0.0,0.4112388789653778,0.004599696956574917,70,30,30.000000000000004
reasoning_token_waste_t0218,completed,0.0001,100,medium,0.8,keep_last,0.0,0.42014020681381226,0.004530155099928379,80,20,19.999999999999996
reasoning_token_waste_t0219,completed,0.0001,100,medium,0.9,keep_last,0.0,0.4268816411495209,0.004477487411350012,90,10,9.999999999999998
reasoning_token_waste_t0220,completed,0.0001,100,medium,1.0,keep_last,1.0,0.9749208688735962,0.00019593146862462163,100,0,0.0
reasoning_token_waste_t0221,completed,0.0001,100,medium,0.1,remove_middle,1.0,0.9741330742835999,0.00020208598289173096,10,90,90.0
reasoning_token_waste_t0222,completed,0.0001,100,medium,0.2,remove_middle,1.0,0.9680001735687256,0.00024999884772114456,20,80,80.0
reasoning_token_waste_t0223,completed,0.0001,100,medium,0.3,remove_middle,1.0,0.9595497846603394,0.00031601786031387746,30,70,70.0
reasoning_token_waste_t0224,completed,0.0001,100,medium,0.4,remove_middle,1.0,0.9566377997398376,0.00033876736415550113,40,60,60.0
reasoning_token_waste_t0225,completed,0.0001,100,medium,0.5,remove_middle,1.0,0.9509472250938416,0.0003832250367850065,50,50,50.0
reasoning_token_waste_t0226,completed,0.0001,100,medium,0.6,remove_middle,1.0,0.9523195028305054,0.0003725046117324382,60,40,40.0
reasoning_token_waste_t0227,completed,0.0001,100,medium,0.7,remove_middle,1.0,0.9543136358261108,0.00035692527308128774,70,30,30.000000000000004
reasoning_token_waste_t0228,completed,0.0001,100,medium,0.8,remove_middle,1.0,0.9581384062767029,0.00032704518525861204,80,20,19.999999999999996
reasoning_token_waste_t0229,completed,0.0001,100,medium,0.9,remove_middle,1.0,0.9628564715385437,0.00029018495115451515,90,10,9.999999999999998
reasoning_token_waste_t0230,completed,0.0001,100,medium,1.0,remove_middle,1.0,0.9749208688735962,0.00019593146862462163,100,0,0.0
reasoning_token_waste_t0231,completed,0.0001,100,medium,0.1,importance_sample,1.0,0.969819188117981,0.00023578810214530677,10,90,90.0
reasoning_token_waste_t0232,completed,0.0003,100,medium,0.2,importance_sample,1.0,0.9832842946052551,0.00013059249613434076,20,80,80.0
reasoning_token_waste_t0233,completed,0.0002,100,medium,0.3,importance_sample,1.0,0.9787050485610962,0.00016636715736240149,30,70,70.0
reasoning_token_waste_t0234,completed,0.0002,100,medium,0.4,importance_sample,1.0,0.974039614200592,0.00020281539764255285,40,60,60.0
reasoning_token_waste_t0235,completed,0.0004,100,medium,0.5,importance_sample,1.0,0.9688842296600342,0.0002430918102618307,50,50,50.0
reasoning_token_waste_t0236,completed,0.0005,100,medium,0.6,importance_sample,1.0,0.9638053178787231,0.0002827713033184409,60,40,40.0
reasoning_token_waste_t0237,completed,0.0003,100,medium,0.7,importance_sample,1.0,0.9680620431900024,0.0002495151711627841,70,30,30.000000000000004
reasoning_token_waste_t0238,completed,0.0004,100,medium,0.8,importance_sample,1.0,0.9719656705856323,0.0002190189843531698,80,20,19.999999999999996
reasoning_token_waste_t0239,completed,0.0002,100,medium,0.9,importance_sample,1.0,0.9740725755691528,0.000202558163437061,90,10,9.999999999999998
reasoning_token_waste_t0240,completed,0.0002,100,medium,1.0,importance_sample,1.0,0.9749208688735962,0.00019593146862462163,100,0,0.0
reasoning_token_waste_t0241,completed,0.0001,200,medium,0.1,keep_first,1.0,0.9874182939529419,9.829575719777495e-05,20,180,90.0
reasoning_token_waste_t0242,completed,0.0001,200,medium,0.2,keep_first,1.0,0.9946885704994202,4.149600863456726e-05,40,160,80.0
reasoning_token_waste_t0243,completed,0.0001,200,medium,0.3,keep_first,1.0,0.9972567558288574,2.1432300854939967e-05,60,140,70.0
reasoning_token_waste_t0244,completed,0.0001,200,medium,0.4,keep_first,1.0,0.9987702965736389,9.607761967345141e-06,80,120,60.0
reasoning_token_waste_t0245,completed,0.0001,200,medium,0.5,keep_first,1.0,0.9995149970054626,3.788959929806879e-06,100,100,50.0
reasoning_token_waste_t0246,completed,0.0002,200,medium,0.6,keep_first,1.0,1.0000001192092896,0.0,120,80,40.0
reasoning_token_waste_t0247,completed,0.0001,200,medium,0.7,keep_first,1.0,0.9878337979316711,9.504949412075803e-05,140,60,30.000000000000004
reasoning_token_waste_t0248,completed,0.0001,200,medium,0.8,keep_first,1.0,0.9785668849945068,0.0001674466475378722,160,40,19.999999999999996
reasoning_token_waste_t0249,completed,0.0001,200,medium,0.9,keep_first,1.0,0.966067910194397,0.0002650954411365092,180,20,9.999999999999998
reasoning_token_waste_t0250,completed,0.0001,200,medium,1.0,keep_first,1.0,0.9566527009010315,0.0003386515309102833,200,0,0.0
reasoning_token_waste_t0251,completed,0.0001,200,medium,0.1,keep_last,0.0,-0.0465339794754982,0.008176046423614025,20,180,90.0
reasoning_token_waste_t0252,completed,0.0001,200,medium,0.2,keep_last,0.0,0.005643149837851524,0.007768412586301565,40,160,80.0
reasoning_token_waste_t0253,completed,0.0001,200,medium,0.3,keep_last,0.0,0.02623775042593479,0.007607517298310995,60,140,70.0
reasoning_token_waste_t0254,completed,0.0001,200,medium,0.4,keep_last,0.0,0.3213707208633423,0.005301790777593851,80,120,60.0
reasoning_token_waste_t0255,completed,0.0001,200,medium,0.5,keep_last,0.0,0.31923916935920715,0.005318444222211838,100,100,50.0
reasoning_token_waste_t0256,completed,0.0001,200,medium,0.6,keep_last,0.0,0.32044321298599243,0.0053090378642082214,120,80,40.0
reasoning_token_waste_t0257,completed,0.0001,200,medium,0.7,keep_last,0.0,0.3334987461566925,0.0052070412784814835,140,60,30.000000000000004
reasoning_token_waste_t0258,completed,0.0001,200,medium,0.8,keep_last,0.0,0.33265379071235657,0.005213642492890358,160,40,19.999999999999996
reasoning_token_waste_t0259,completed,0.0001,200,medium,0.9,keep_last,0.0,0.3615943193435669,0.004987544380128384,180,20,9.999999999999998
reasoning_token_waste_t0260,completed,0.0002,200,medium,1.0,keep_last,1.0,0.9566527009010315,0.0003386515309102833,200,0,0.0
reasoning_token_waste_t0261,completed,0.0001,200,medium,0.1,remove_middle,1.0,0.9874182939529419,9.829575719777495e-05,20,180,90.0
reasoning_token_waste_t0262,completed,0.0001,200,medium,0.2,remove_middle,1.0,0.9689688682556152,0.00024243112420663238,40,160,80.0
reasoning_token_waste_t0263,completed,0.0001,200,medium,0.3,remove_middle,1.0,0.9505522847175598,0.00038631161442026496,60,140,70.0
reasoning_token_waste_t0264,completed,0.0001,200,medium,0.4,remove_middle,0.0,0.9475816488265991,0.0004095188050996512,80,120,60.0
reasoning_token_waste_t0265,completed,0.0001,200,medium,0.5,remove_middle,0.0,0.9448309540748596,0.00043100904440507293,100,100,50.0
reasoning_token_waste_t0266,completed,0.0001,200,medium,0.6,remove_middle,0.0,0.9444011449813843,0.0004343666951172054,120,80,40.0
reasoning_token_waste_t0267,completed,0.0002,200,medium,0.7,remove_middle,0.0,0.9454869627952576,0.00042588356882333755,140,60,30.000000000000004
reasoning_token_waste_t0268,completed,0.0002,200,medium,0.8,remove_middle,0.0,0.9465700387954712,0.00041742270695976913,160,40,19.999999999999996
reasoning_token_waste_t0269,completed,0.0001,200,medium,0.9,remove_middle,0.0,0.94697505235672,0.000414258916862309,180,20,9.999999999999998
reasoning_token_waste_t0270,completed,0.0001,200,medium,1.0,remove_middle,1.0,0.9566527009010315,0.0003386515309102833,200,0,0.0
reasoning_token_waste_t0271,completed,0.0002,200,medium,0.1,importance_sample,1.0,0.9831598997116089,0.00013156382192391902,20,180,90.0
reasoning_token_waste_t0272,completed,0.0003,200,medium,0.2,importance_sample,1.0,0.9739515781402588,0.00020350428530946374,40,160,80.0
reasoning_token_waste_t0273,completed,0.0003,200,medium,0.3,importance_sample,1.0,0.9614330530166626,0.00030130462255328894,60,140,70.0
reasoning_token_waste_t0274,completed,0.0002,200,medium,0.4,importance_sample,1.0,0.9523917436599731,0.00037193967727944255,80,120,60.0
reasoning_token_waste_t0275,completed,0.0002,200,medium,0.5,importance_sample,0.0,0.9460974931716919,0.000421113712945953,100,100,50.0
reasoning_token_waste_t0276,completed,0.0002,200,medium,0.6,importance_sample,1.0,0.9541721343994141,0.0003580304328352213,120,80,40.0
reasoning_token_waste_t0277,completed,0.0002,200,medium,0.7,importance_sample,1.0,0.954409122467041,0.0003561793710105121,140,60,30.000000000000004
reasoning_token_waste_t0278,completed,0.0002,200,medium,0.8,importance_sample,1.0,0.9558282494544983,0.0003450928197707981,160,40,19.999999999999996
reasoning_token_waste_t0279,completed,0.0002,200,medium,0.9,importance_sample,1.0,0.9572095274925232,0.00033430050825700164,180,20,9.999999999999998
reasoning_token_waste_t0280,completed,0.0003,200,medium,1.0,importance_sample,1.0,0.9566527009010315,0.0003386515309102833,200,0,0.0
reasoning_token_waste_t0281,completed,0.0001,500,medium,0.1,keep_first,1.0,0.9948531985282898,4.020978303742595e-05,50,450,90.0
reasoning_token_waste_t0282,completed,0.0001,500,medium,0.2,keep_first,1.0,0.9980250597000122,1.542971222079359e-05,100,400,80.0
reasoning_token_waste_t0283,completed,0.0001,500,medium,0.3,keep_first,1.0,0.9990644454956055,7.309685770451324e-06,150,350,70.0
reasoning_token_waste_t0284,completed,0.0001,500,medium,0.4,keep_first,1.0,0.9995052218437195,3.865912276523886e-06,200,300,60.0
reasoning_token_waste_t0285,completed,0.0001,500,medium,0.5,keep_first,1.0,0.9998194575309753,1.4103653711572406e-06,250,250,50.0
reasoning_token_waste_t0286,completed,0.0001,500,medium,0.6,keep_first,1.0,1.0,0.0,300,200,40.0
reasoning_token_waste_t0287,completed,0.0001,500,medium,0.7,keep_first,1.0,0.9664023518562317,0.00026248241192661226,350,150,30.000000000000004
reasoning_token_waste_t0288,completed,0.0001,500,medium,0.8,keep_first,0.0,0.9416467547416687,0.0004558843793347478,400,100,19.999999999999996
reasoning_token_waste_t0289,completed,0.0001,500,medium,0.9,keep_first,0.0,0.9122046232223511,0.0006859013810753822,450,50,9.999999999999998
reasoning_token_waste_t0290,completed,0.0001,500,medium,1.0,keep_first,0.0,0.8844391107559204,0.0009028188069351017,500,0,0.0
reasoning_token_waste_t0291,completed,0.0001,500,medium,0.1,keep_last,0.0,-0.02882443182170391,0.008037691004574299,50,450,90.0
reasoning_token_waste_t0292,completed,0.0001,500,medium,0.2,keep_last,0.0,0.010548322461545467,0.007730090990662575,100,400,80.0
reasoning_token_waste_t0293,completed,0.0001,500,medium,0.3,keep_last,0.0,0.053434427827596664,0.007395042106509209,150,350,70.0
reasoning_token_waste_t0294,completed,0.0001,500,medium,0.4,keep_last,0.0,0.24457202851772308,0.005901780910789967,200,300,60.0
reasoning_token_waste_t0295,completed,0.0001,500,medium,0.5,keep_last,0.0,0.24596302211284637,0.005890914238989353,250,250,50.0
reasoning_token_waste_t0296,completed,0.0001,500,medium,0.6,keep_last,0.0,0.24853059649467468,0.005870854947715998,300,200,40.0
reasoning_token_waste_t0297,completed,0.0002,500,medium,0.7,keep_last,0.0,0.24813055992126465,0.005873979534953833,350,150,30.000000000000004
reasoning_token_waste_t0298,completed,0.0001,500,medium,0.8,keep_last,0.0,0.2538268566131592,0.005829478148370981,400,100,19.999999999999996
reasoning_token_waste_t0299,completed,0.0001,500,medium,0.9,keep_last,0.0,0.2659549117088318,0.005734727252274752,450,50,9.999999999999998
reasoning_token_waste_t0300,completed,0.0001,500,medium,1.0,keep_last,0.0,0.8844391107559204,0.0009028188069351017,500,0,0.0
reasoning_token_waste_t0301,completed,0.0001,500,medium,0.1,remove_middle,1.0,0.9948531985282898,4.020978303742595e-05,50,450,90.0
reasoning_token_waste_t0302,completed,0.0001,500,medium,0.2,remove_middle,1.0,0.9572297930717468,0.00033414288191124797,100,400,80.0
reasoning_token_waste_t0303,completed,0.0001,500,medium,0.3,remove_middle,0.0,0.9203265309333801,0.0006224497919902205,150,350,70.0
reasoning_token_waste_t0304,completed,0.0001,500,medium,0.4,remove_middle,0.0,0.885741651058197,0.0008926434093154967,200,300,60.0
reasoning_token_waste_t0305,completed,0.0001,500,medium,0.5,remove_middle,0.0,0.8805139660835266,0.0009334846981801093,250,250,50.0
reasoning_token_waste_t0306,completed,0.0001,500,medium,0.6,remove_middle,0.0,0.8808363676071167,0.0009309659944847226,300,200,40.0
reasoning_token_waste_t0307,completed,0.0001,500,medium,0.7,remove_middle,0.0,0.881020724773407,0.0009295259369537234,350,150,30.000000000000004
reasoning_token_waste_t0308,completed,0.0004,500,medium,0.8,remove_middle,0.0,0.8807607293128967,0.0009315565694123507,400,100,19.999999999999996
reasoning_token_waste_t0309,completed,0.0004,500,medium,0.9,remove_middle,0.0,0.8814465999603271,0.0009261977393180132,450,50,9.999999999999998
reasoning_token_waste_t0310,completed,0.0001,500,medium,1.0,remove_middle,0.0,0.8844391107559204,0.0009028188069351017,500,0,0.0
reasoning_token_waste_t0311,completed,0.0002,500,medium,0.1,importance_sample,1.0,0.9618561267852783,0.0002979985438287258,50,450,90.0
reasoning_token_waste_t0312,completed,0.0002,500,medium,0.2,importance_sample,0.0,0.9351897239685059,0.0005063303979113698,100,400,80.0
reasoning_token_waste_t0313,completed,0.0002,500,medium,0.3,importance_sample,0.0,0.9087759256362915,0.0007126881391741335,150,350,70.0
reasoning_token_waste_t0314,completed,0.0005,500,medium,0.4,importance_sample,0.0,0.8873286843299866,0.0008802450611256063,200,300,60.0
reasoning_token_waste_t0315,completed,0.0002,500,medium,0.5,importance_sample,0.0,0.8805139660835266,0.0009334846981801093,250,250,50.0
reasoning_token_waste_t0316,completed,0.0002,500,medium,0.6,importance_sample,0.0,0.8834367990493774,0.0009106501238420606,300,200,40.0
reasoning_token_waste_t0317,completed,0.0002,500,medium,0.7,importance_sample,0.0,0.8837264180183411,0.0009083875338546932,350,150,30.000000000000004
reasoning_token_waste_t0318,completed,0.0003,500,medium,0.8,importance_sample,0.0,0.8838408589363098,0.0009074935223907232,400,100,19.999999999999996
reasoning_token_waste_t0319,completed,0.0002,500,medium,0.9,importance_sample,0.0,0.8840261101722717,0.0009060468291863799,450,50,9.999999999999998
reasoning_token_waste_t0320,completed,0.0005,500,medium,1.0,importance_sample,0.0,0.8844391107559204,0.0009028188069351017,500,0,0.0
reasoning_token_waste_t0321,completed,0.0001,50,hard,0.1,keep_first,1.0,0.9501355886459351,0.00038956658681854606,5,45,90.0
reasoning_token_waste_t0322,completed,0.0001,50,hard,0.2,keep_first,1.0,0.9771307706832886,0.00017866617417894304,10,40,80.0
reasoning_token_waste_t0323,completed,0.0001,50,hard,0.3,keep_first,1.0,0.9852742552757263,0.0001150447060354054,15,35,70.0
reasoning_token_waste_t0324,completed,0.0002,50,hard,0.4,keep_first,1.0,0.9915291666984558,6.617872713832185e-05,20,30,60.0
reasoning_token_waste_t0325,completed,0.0002,50,hard,0.5,keep_first,1.0,0.9948495626449585,4.023767542093992e-05,25,25,50.0
reasoning_token_waste_t0326,completed,0.0001,50,hard,0.6,keep_first,1.0,0.9972496032714844,2.148749445041176e-05,30,20,40.0
reasoning_token_waste_t0327,completed,0.0001,50,hard,0.7,keep_first,1.0,0.9987034201622009,1.0130146620213054e-05,35,15,30.000000000000004
reasoning_token_waste_t0328,completed,0.0001,50,hard,0.8,keep_first,1.0,0.9995728731155396,3.337055204610806e-06,40,10,19.999999999999996
reasoning_token_waste_t0329,completed,0.0001,50,hard,0.9,keep_first,1.0,0.9974835515022278,1.9659959434648044e-05,45,5,9.999999999999998
reasoning_token_waste_t0330,completed,0.0001,50,hard,1.0,keep_first,1.0,0.9939789772033691,4.703936428995803e-05,50,0,0.0
reasoning_token_waste_t0331,completed,0.0001,50,hard,0.1,keep_last,0.0,0.04799938574433327,0.007437505759298801,5,45,90.0
reasoning_token_waste_t0332,completed,0.0001,50,hard,0.2,keep_last,0.0,0.6005409359931946,0.0031207744032144547,10,40,80.0
reasoning_token_waste_t0333,completed,0.0001,50,hard,0.3,keep_last,0.0,0.6008927822113037,0.003118024906143546,15,35,70.0
reasoning_token_waste_t0334,completed,0.0001,50,hard,0.4,keep_last,0.0,0.5628790855407715,0.0034150071442127228,20,30,60.0
reasoning_token_waste_t0335,completed,0.0001,50,hard,0.5,keep_last,0.0,0.5240280628204346,0.003718530759215355,25,25,50.0
reasoning_token_waste_t0336,completed,0.0001,50,hard,0.6,keep_last,0.0,0.5342215299606323,0.0036388947628438473,30,20,40.0
reasoning_token_waste_t0337,completed,0.0001,50,hard,0.7,keep_last,0.0,0.4792080521583557,0.004068687092512846,35,15,30.000000000000004
reasoning_token_waste_t0338,completed,0.0001,50,hard,0.8,keep_last,0.0,0.5074380040168762,0.003848141059279442,40,10,19.999999999999996
reasoning_token_waste_t0339,completed,0.0001,50,hard,0.9,keep_last,0.0,0.5334333777427673,0.0036450522020459175,45,5,9.999999999999998
reasoning_token_waste_t0340,completed,0.0001,50,hard,1.0,keep_last,1.0,0.9939789772033691,4.703936428995803e-05,50,0,0.0
reasoning_token_waste_t0341,completed,0.0001,50,hard,0.1,remove_middle,1.0,0.9501355886459351,0.00038956658681854606,5,45,90.0
reasoning_token_waste_t0342,completed,0.0001,50,hard,0.2,remove_middle,0.0,0.9474680423736572,0.0004104063264094293,10,40,80.0
reasoning_token_waste_t0343,completed,0.0001,50,hard,0.3,remove_middle,0.0,0.9451123476028442,0.0004288101918064058,15,35,70.0
reasoning_token_waste_t0344,completed,0.0001,50,hard,0.4,remove_middle,0.0,0.9461647272109985,0.00042058818507939577,20,30,60.0
reasoning_token_waste_t0345,completed,0.0001,50,hard,0.5,remove_middle,0.0,0.9473245143890381,0.0004115274641662836,25,25,50.0
reasoning_token_waste_t0346,completed,0.0001,50,hard,0.6,remove_middle,0.0,0.9494411945343018,0.0003949908714275807,30,20,40.0
reasoning_token_waste_t0347,completed,0.0001,50,hard,0.7,remove_middle,1.0,0.9537246823310852,0.0003615260939113796,35,15,30.000000000000004
reasoning_token_waste_t0348,completed,0.0001,50,hard,0.8,remove_middle,1.0,0.9570918083190918,0.00033522056764923036,40,10,19.999999999999996
reasoning_token_waste_t0349,completed,0.0001,50,hard,0.9,remove_middle,1.0,0.9675977230072021,0.0002531434001866728,45,5,9.999999999999998
reasoning_token_waste_t0350,completed,0.0002,50,hard,1.0,remove_middle,1.0,0.9939789772033691,4.703936428995803e-05,50,0,0.0
reasoning_token_waste_t0351,completed,0.0002,50,hard,0.1,importance_sample,1.0,0.9501355886459351,0.00038956658681854606,5,45,90.0
reasoning_token_waste_t0352,completed,0.0001,50,hard,0.2,importance_sample,1.0,0.9727380275726318,0.00021298446517903358,10,40,80.0
reasoning_token_waste_t0353,completed,0.0002,50,hard,0.3,importance_sample,1.0,0.9829222559928894,0.00013342010788619518,15,35,70.0
reasoning_token_waste_t0354,completed,0.0001,50,hard,0.4,importance_sample,1.0,0.9865496754646301,0.00010508057312108576,20,30,60.0
reasoning_token_waste_t0355,completed,0.0001,50,hard,0.5,importance_sample,1.0,0.9863895177841187,0.00010633207421051338,25,25,50.0
reasoning_token_waste_t0356,completed,0.0001,50,hard,0.6,importance_sample,1.0,0.987438440322876,9.813750511966646e-05,30,20,40.0
reasoning_token_waste_t0357,completed,0.0001,50,hard,0.7,importance_sample,1.0,0.9899319410324097,7.86568270996213e-05,35,15,30.000000000000004
reasoning_token_waste_t0358,completed,0.0001,50,hard,0.8,importance_sample,1.0,0.9918877482414246,6.337722879834473e-05,40,10,19.999999999999996
reasoning_token_waste_t0359,completed,0.0001,50,hard,0.9,importance_sample,1.0,0.9926086664199829,5.774472811026499e-05,45,5,9.999999999999998
reasoning_token_waste_t0360,completed,0.0001,50,hard,1.0,importance_sample,1.0,0.9939789772033691,4.703936428995803e-05,50,0,0.0
reasoning_token_waste_t0361,completed,0.0001,100,hard,0.1,keep_first,1.0,0.9732484817504883,0.00020899668743368238,10,90,90.0
reasoning_token_waste_t0362,completed,0.0001,100,hard,0.2,keep_first,1.0,0.9884735941886902,9.005015454022214e-05,20,80,80.0
reasoning_token_waste_t0363,completed,0.0001,100,hard,0.3,keep_first,1.0,0.9938299059867859,4.8203834012383595e-05,30,70,70.0
reasoning_token_waste_t0364,completed,0.0001,100,hard,0.4,keep_first,1.0,0.9958328008651733,3.255595947848633e-05,40,60,60.0
reasoning_token_waste_t0365,completed,0.0001,100,hard,0.5,keep_first,1.0,0.9971529245376587,2.2243071725824848e-05,50,50,50.0
reasoning_token_waste_t0366,completed,0.0001,100,hard,0.6,keep_first,1.0,0.9983900189399719,1.2577873349073343e-05,60,40,40.0
reasoning_token_waste_t0367,completed,0.0001,100,hard,0.7,keep_first,1.0,0.9992032051086426,6.225379365787376e-06,70,30,30.000000000000004
reasoning_token_waste_t0368,completed,0.0001,100,hard,0.8,keep_first,1.0,0.9997771978378296,1.7408428902854212e-06,80,20,19.999999999999996
reasoning_token_waste_t0369,completed,0.0001,100,hard,0.9,keep_first,1.0,0.9960618019104004,3.076698340009898e-05,90,10,9.999999999999998
reasoning_token_waste_t0370,completed,0.0001,100,hard,1.0,keep_first,1.0,0.9904125332832336,7.490225834771991e-05,100,0,0.0
reasoning_token_waste_t0371,completed,0.0001,100,hard,0.1,keep_last,0.0,0.01239217258989811,0.0077156852930784225,10,90,90.0
reasoning_token_waste_t0372,completed,0.0001,100,hard,0.2,keep_last,0.0,0.5208544731140137,0.003743324428796768,20,80,80.0
reasoning_token_waste_t0373,completed,0.0001,100,hard,0.3,keep_last,0.0,0.5347844362258911,0.0036344968248158693,30,70,70.0
reasoning_token_waste_t0374,completed,0.0001,100,hard,0.4,keep_last,0.0,0.5281132459640503,0.0036866150330752134,40,60,60.0
reasoning_token_waste_t0375,completed,0.0001,100,hard,0.5,keep_last,0.0,0.5273052453994751,0.003692927537485957,50,50,50.0
reasoning_token_waste_t0376,completed,0.0001,100,hard,0.6,keep_last,0.0,0.5225156545639038,0.003730345983058214,60,40,40.0
reasoning_token_waste_t0377,completed,0.0001,100,hard,0.7,keep_last,0.0,0.5224658250808716,0.0037307359743863344,70,30,30.000000000000004
reasoning_token_waste_t0378,completed,0.0001,100,hard,0.8,keep_last,0.0,0.5178974270820618,0.0037664268165826797,80,20,19.999999999999996
reasoning_token_waste_t0379,completed,0.0001,100,hard,0.9,keep_last,0.0,0.4925310015678406,0.0039646015502512455,90,10,9.999999999999998
reasoning_token_waste_t0380,completed,0.0001,100,hard,1.0,keep_last,1.0,0.9904125332832336,7.490225834771991e-05,100,0,0.0
reasoning_token_waste_t0381,completed,0.0002,100,hard,0.1,remove_middle,1.0,0.9732484817504883,0.00020899668743368238,10,90,90.0
reasoning_token_waste_t0382,completed,0.0001,100,hard,0.2,remove_middle,1.0,0.9680078029632568,0.0002499386901035905,20,80,80.0
reasoning_token_waste_t0383,completed,0.0001,100,hard,0.3,remove_middle,1.0,0.9649023413658142,0.0002742010401561856,30,70,70.0
reasoning_token_waste_t0384,completed,0.0001,100,hard,0.4,remove_middle,1.0,0.9658259749412537,0.0002669848909135908,40,60,60.0
reasoning_token_waste_t0385,completed,0.0001,100,hard,0.5,remove_middle,1.0,0.9658845663070679,0.00026652688393369317,50,50,50.0
reasoning_token_waste_t0386,completed,0.0001,100,hard,0.6,remove_middle,1.0,0.9676398038864136,0.0002528144686948508,60,40,40.0
reasoning_token_waste_t0387,completed,0.0001,100,hard,0.7,remove_middle,1.0,0.9690670967102051,0.0002416629286017269,70,30,30.000000000000004
reasoning_token_waste_t0388,completed,0.0001,100,hard,0.8,remove_middle,1.0,0.9719456434249878,0.0002191747771576047,80,20,19.999999999999996
reasoning_token_waste_t0389,completed,0.0001,100,hard,0.9,remove_middle,1.0,0.9774635434150696,0.0001760666782502085,90,10,9.999999999999998
reasoning_token_waste_t0390,completed,0.0002,100,hard,1.0,remove_middle,1.0,0.9904125332832336,7.490225834771991e-05,100,0,0.0
reasoning_token_waste_t0391,completed,0.0001,100,hard,0.1,importance_sample,1.0,0.9703032970428467,0.00023200493887998164,10,90,90.0
reasoning_token_waste_t0392,completed,0.0001,100,hard,0.2,importance_sample,1.0,0.9838026165962219,0.00012654215970542282,20,80,80.0
reasoning_token_waste_t0393,completed,0.0001,100,hard,0.3,importance_sample,1.0,0.9810191988945007,0.0001482877560192719,30,70,70.0
reasoning_token_waste_t0394,completed,0.0002,100,hard,0.4,importance_sample,1.0,0.9806053042411804,0.00015152027481235564,40,60,60.0
reasoning_token_waste_t0395,completed,0.0002,100,hard,0.5,importance_sample,1.0,0.9852174520492554,0.0001154886485892348,50,50,50.0
reasoning_token_waste_t0396,completed,0.0001,100,hard,0.6,importance_sample,1.0,0.9868308305740356,0.00010288384510204196,60,40,40.0
reasoning_token_waste_t0397,completed,0.0001,100,hard,0.7,importance_sample,1.0,0.9882345199584961,9.191742719849572e-05,70,30,30.000000000000004
reasoning_token_waste_t0398,completed,0.0001,100,hard,0.8,importance_sample,1.0,0.9890819787979126,8.529689512215555e-05,80,20,19.999999999999996
reasoning_token_waste_t0399,completed,0.0002,100,hard,0.9,importance_sample,1.0,0.9898870587348938,7.900744094513357e-05,90,10,9.999999999999998
reasoning_token_waste_t0400,completed,0.0001,100,hard,1.0,importance_sample,1.0,0.9904125332832336,7.490225834771991e-05,100,0,0.0
reasoning_token_waste_t0401,completed,0.0001,200,hard,0.1,keep_first,1.0,0.9865680932998657,0.00010493674199096859,20,180,90.0
reasoning_token_waste_t0402,completed,0.0001,200,hard,0.2,keep_first,1.0,0.9936062693595886,4.9951093387790024e-05,40,160,80.0
reasoning_token_waste_t0403,completed,0.0001,200,hard,0.3,keep_first,1.0,0.9964795112609863,2.7504505851538852e-05,60,140,70.0
reasoning_token_waste_t0404,completed,0.0002,200,hard,0.4,keep_first,1.0,0.9980370402336121,1.533606155135203e-05,80,120,60.0
reasoning_token_waste_t0405,completed,0.0002,200,hard,0.5,keep_first,1.0,0.9987025856971741,1.0136381206393708e-05,100,100,50.0
reasoning_token_waste_t0406,completed,0.0001,200,hard,0.6,keep_first,1.0,0.9993165135383606,5.341027190297609e-06,120,80,40.0
reasoning_token_waste_t0407,completed,0.0001,200,hard,0.7,keep_first,1.0,0.9996531009674072,2.71056546807813e-06,140,60,30.000000000000004
reasoning_token_waste_t0408,completed,0.0001,200,hard,0.8,keep_first,1.0,0.9998753070831299,9.74097474681912e-07,160,40,19.999999999999996
reasoning_token_waste_t0409,completed,0.0001,200,hard,0.9,keep_first,1.0,0.9925307631492615,5.835438787471503e-05,180,20,9.999999999999998
reasoning_token_waste_t0410,completed,0.0002,200,hard,1.0,keep_first,1.0,0.9780356884002686,0.000171596635482274,200,0,0.0
reasoning_token_waste_t0411,completed,0.0001,200,hard,0.1,keep_last,0.0,-0.03471026569604874,0.008083674125373363,20,180,90.0
reasoning_token_waste_t0412,completed,0.0001,200,hard,0.2,keep_last,0.0,0.3971877992153168,0.004709471017122269,40,160,80.0
reasoning_token_waste_t0413,completed,0.0001,200,hard,0.3,keep_last,0.0,0.4051585793495178,0.004647198598831892,60,140,70.0
reasoning_token_waste_t0414,completed,0.0001,200,hard,0.4,keep_last,0.0,0.4106656312942505,0.004604175221174955,80,120,60.0
reasoning_token_waste_t0415,completed,0.0001,200,hard,0.5,keep_last,0.0,0.4076206088066101,0.0046279639936983585,100,100,50.0
reasoning_token_waste_t0416,completed,0.0002,200,hard,0.6,keep_last,0.0,0.40621888637542725,0.004638914950191975,120,80,40.0
reasoning_token_waste_t0417,completed,0.0001,200,hard,0.7,keep_last,0.0,0.42173129320144653,0.004517724737524986,140,60,30.000000000000004
reasoning_token_waste_t0418,completed,0.0002,200,hard,0.8,keep_last,0.0,0.4221622049808502,0.004514358006417751,160,40,19.999999999999996
reasoning_token_waste_t0419,completed,0.0001,200,hard,0.9,keep_last,0.0,0.44577017426490784,0.004329920280724764,180,20,9.999999999999998
reasoning_token_waste_t0420,completed,0.0001,200,hard,1.0,keep_last,1.0,0.9780356884002686,0.000171596635482274,200,0,0.0
reasoning_token_waste_t0421,completed,0.0001,200,hard,0.1,remove_middle,1.0,0.9865680932998657,0.00010493674199096859,20,180,90.0
reasoning_token_waste_t0422,completed,0.0001,200,hard,0.2,remove_middle,1.0,0.9679369330406189,0.0002504933800082654,40,160,80.0
reasoning_token_waste_t0423,completed,0.0001,200,hard,0.3,remove_middle,1.0,0.9630975127220154,0.00028830167138949037,60,140,70.0
reasoning_token_waste_t0424,completed,0.0001,200,hard,0.4,remove_middle,1.0,0.9640687108039856,0.00028071377892047167,80,120,60.0
reasoning_token_waste_t0425,completed,0.0001,200,hard,0.5,remove_middle,1.0,0.9646007418632507,0.00027655623853206635,100,100,50.0
reasoning_token_waste_t0426,completed,0.0001,200,hard,0.6,remove_middle,1.0,0.964796781539917,0.0002750261628534645,120,80,40.0
reasoning_token_waste_t0427,completed,0.0002,200,hard,0.7,remove_middle,1.0,0.9654824733734131,0.00026966846780851483,140,60,30.000000000000004
reasoning_token_waste_t0428,completed,0.0002,200,hard,0.8,remove_middle,1.0,0.9667990207672119,0.00025938308681361377,160,40,19.999999999999996
reasoning_token_waste_t0429,completed,0.0002,200,hard,0.9,remove_middle,1.0,0.9690777063369751,0.0002415810158709064,180,20,9.999999999999998
reasoning_token_waste_t0430,completed,0.0002,200,hard,1.0,remove_middle,1.0,0.9780356884002686,0.000171596635482274,200,0,0.0
reasoning_token_waste_t0431,completed,0.0002,200,hard,0.1,importance_sample,1.0,0.9816536903381348,0.0001433306752005592,20,180,90.0
reasoning_token_waste_t0432,completed,0.0002,200,hard,0.2,importance_sample,1.0,0.9708601236343384,0.00022765551693737507,40,160,80.0
reasoning_token_waste_t0433,completed,0.0002,200,hard,0.3,importance_sample,1.0,0.9691860675811768,0.00024073428357951343,60,140,70.0
reasoning_token_waste_t0434,completed,0.0003,200,hard,0.4,importance_sample,1.0,0.9723416566848755,0.00021608106908388436,80,120,60.0
reasoning_token_waste_t0435,completed,0.0002,200,hard,0.5,importance_sample,1.0,0.97543865442276,0.00019188650185242295,100,100,50.0
reasoning_token_waste_t0436,completed,0.0002,200,hard,0.6,importance_sample,1.0,0.9760865569114685,0.00018682368681766093,120,80,40.0
reasoning_token_waste_t0437,completed,0.0002,200,hard,0.7,importance_sample,1.0,0.9768326282501221,0.00018099485896527767,140,60,30.000000000000004
reasoning_token_waste_t0438,completed,0.0002,200,hard,0.8,importance_sample,1.0,0.9767668843269348,0.00018150907999370247,160,40,19.999999999999996
reasoning_token_waste_t0439,completed,0.0002,200,hard,0.9,importance_sample,1.0,0.9777989387512207,0.0001734472461976111,180,20,9.999999999999998
reasoning_token_waste_t0440,completed,0.0002,200,hard,1.0,importance_sample,1.0,0.9780356884002686,0.000171596635482274,200,0,0.0
reasoning_token_waste_t0441,completed,0.0001,500,hard,0.1,keep_first,1.0,0.9942763447761536,4.471554348128848e-05,50,450,90.0
reasoning_token_waste_t0442,completed,0.0001,500,hard,0.2,keep_first,1.0,0.9975543022155762,1.910659011628013e-05,100,400,80.0
reasoning_token_waste_t0443,completed,0.0001,500,hard,0.3,keep_first,1.0,0.9986764788627625,1.0340694643673487e-05,150,350,70.0
reasoning_token_waste_t0444,completed,0.0001,500,hard,0.4,keep_first,1.0,0.999098539352417,7.043228379188804e-06,200,300,60.0
reasoning_token_waste_t0445,completed,0.0002,500,hard,0.5,keep_first,1.0,0.9994604587554932,4.215590251988033e-06,250,250,50.0
reasoning_token_waste_t0446,completed,0.0002,500,hard,0.6,keep_first,1.0,0.9996615648269653,2.644352889547008e-06,300,200,40.0
reasoning_token_waste_t0447,completed,0.0001,500,hard,0.7,keep_first,1.0,0.9998210668563843,1.397954861204198e-06,350,150,30.000000000000004
reasoning_token_waste_t0448,completed,0.0001,500,hard,0.8,keep_first,1.0,0.9999496936798096,3.941622708225623e-07,400,100,19.999999999999996
reasoning_token_waste_t0449,completed,0.0001,500,hard,0.9,keep_first,1.0,0.9856102466583252,0.00011241961328778416,450,50,9.999999999999998
reasoning_token_waste_t0450,completed,0.0001,500,hard,1.0,keep_first,1.0,0.9540966749191284,0.0003586204256862402,500,0,0.0
reasoning_token_waste_t0451,completed,0.0002,500,hard,0.1,keep_last,0.0,-0.022372763603925705,0.007987286895513535,50,450,90.0
reasoning_token_waste_t0452,completed,0.0001,500,hard,0.2,keep_last,0.0,0.275433212518692,0.005660678260028362,100,400,80.0
reasoning_token_waste_t0453,completed,0.0001,500,hard,0.3,keep_last,0.0,0.2779037356376648,0.005641377065330744,150,350,70.0
reasoning_token_waste_t0454,completed,0.0001,500,hard,0.4,keep_last,0.0,0.28188034892082214,0.005610310006886721,200,300,60.0
reasoning_token_waste_t0455,completed,0.0002,500,hard,0.5,keep_last,0.0,0.28510648012161255,0.005585105624049902,250,250,50.0
reasoning_token_waste_t0456,completed,0.0001,500,hard,0.6,keep_last,0.0,0.29027631878852844,0.005544716492295265,300,200,40.0
reasoning_token_waste_t0457,completed,0.0003,500,hard,0.7,keep_last,0.0,0.28763043880462646,0.005565387196838856,350,150,30.000000000000004
reasoning_token_waste_t0458,completed,0.0001,500,hard,0.8,keep_last,0.0,0.2977302670478821,0.005486481823027134,400,100,19.999999999999996
reasoning_token_waste_t0459,completed,0.0001,500,hard,0.9,keep_last,0.0,0.3181415796279907,0.005327018443495035,450,50,9.999999999999998
reasoning_token_waste_t0460,completed,0.0001,500,hard,1.0,keep_last,1.0,0.9540966749191284,0.0003586204256862402,500,0,0.0
reasoning_token_waste_t0461,completed,0.0001,500,hard,0.1,remove_middle,1.0,0.9942763447761536,4.471554348128848e-05,50,450,90.0
reasoning_token_waste_t0462,completed,0.0001,500,hard,0.2,remove_middle,1.0,0.9575614333152771,0.0003315509238746017,100,400,80.0
reasoning_token_waste_t0463,completed,0.0001,500,hard,0.3,remove_middle,0.0,0.948060154914856,0.00040577995241619647,150,350,70.0
reasoning_token_waste_t0464,completed,0.0001,500,hard,0.4,remove_middle,0.0,0.9479972124099731,0.0004062720690853894,200,300,60.0
reasoning_token_waste_t0465,completed,0.0001,500,hard,0.5,remove_middle,0.0,0.9481123089790344,0.0004053728480357677,250,250,50.0
reasoning_token_waste_t0466,completed,0.0001,500,hard,0.6,remove_middle,0.0,0.9486532211303711,0.00040114729199558496,300,200,40.0
reasoning_token_waste_t0467,completed,0.0001,500,hard,0.7,remove_middle,0.0,0.9491418600082397,0.00039732916047796607,350,150,30.000000000000004
reasoning_token_waste_t0468,completed,0.0001,500,hard,0.8,remove_middle,0.0,0.9485701322555542,0.00040179607458412647,400,100,19.999999999999996
reasoning_token_waste_t0469,completed,0.0001,500,hard,0.9,remove_middle,0.0,0.9499644637107849,0.0003909024235326797,450,50,9.999999999999998
reasoning_token_waste_t0470,completed,0.0002,500,hard,1.0,remove_middle,1.0,0.9540966749191284,0.0003586204256862402,500,0,0.0
reasoning_token_waste_t0471,completed,0.0002,500,hard,0.1,importance_sample,1.0,0.9677562117576599,0.00025190506130456924,50,450,90.0
reasoning_token_waste_t0472,completed,0.0002,500,hard,0.2,importance_sample,0.0,0.9411460161209106,0.00045979750575497746,100,400,80.0
reasoning_token_waste_t0473,completed,0.0003,500,hard,0.3,importance_sample,1.0,0.951714813709259,0.00037722723209299147,150,350,70.0
reasoning_token_waste_t0474,completed,0.0002,500,hard,0.4,importance_sample,1.0,0.9526039958000183,0.0003702818648889661,200,300,60.0
reasoning_token_waste_t0475,completed,0.0002,500,hard,0.5,importance_sample,1.0,0.952643096446991,0.00036997589631937444,250,250,50.0
reasoning_token_waste_t0476,completed,0.0002,500,hard,0.6,importance_sample,1.0,0.9532607793807983,0.0003651508886832744,300,200,40.0
reasoning_token_waste_t0477,completed,0.0002,500,hard,0.7,importance_sample,1.0,0.9540369510650635,0.00035908620338886976,350,150,30.000000000000004
reasoning_token_waste_t0478,completed,0.0002,500,hard,0.8,importance_sample,1.0,0.9542121291160583,0.0003577174502424896,400,100,19.999999999999996
reasoning_token_waste_t0479,completed,0.0002,500,hard,0.9,importance_sample,1.0,0.9540708065032959,0.0003588213585317135,450,50,9.999999999999998
reasoning_token_waste_t0480,completed,0.0003,500,hard,1.0,importance_sample,1.0,0.9540966749191284,0.0003586204256862402,500,0,0.0
